{"stats":{"minecraft:picked_up":{"minecraft:wooden_axe":1,"minecraft:crafting_table":12,"minecraft:barrier":4,"minecraft:oxidized_cut_copper_stairs":1,"minecraft:azure_bluet":3,"minecraft:wooden_hoe":13,"minecraft:polished_deepslate":6,"minecraft:string":3,"minecraft:weathered_cut_copper_stairs":6,"minecraft:dirt":271,"minecraft:lantern":2,"minecraft:wheat_seeds":16,"minecraft:warped_stem":3,"minecraft:rabbit_hide":2,"minecraft:dark_prismarine_stairs":6,"minecraft:iron_ingot":501,"minecraft:player_head":2,"minecraft:rabbit":1,"minecraft:tinted_glass":11,"minecraft:lime_glazed_terracotta":2,"minecraft:stick":501,"minecraft:lime_wool":3,"minecraft:black_stained_glass":1,"minecraft:prismarine_brick_stairs":6,"minecraft:black_candle":1,"minecraft:emerald_block":4,"minecraft:copper_ingot":576,"minecraft:polished_deepslate_stairs":6,"minecraft:lime_concrete":65,"minecraft:torch":1,"minecraft:dandelion":26,"minecraft:amethyst_shard":7,"minecraft:cookie":61,"minecraft:grass_block":129,"minecraft:deepslate_tile_stairs":6,"minecraft:sea_lantern":12,"minecraft:netherite_block":6,"minecraft:lime_candle":5,"minecraft:lime_banner":4,"minecraft:arrow":2,"minecraft:rotten_flesh":3,"minecraft:black_concrete":1,"minecraft:decorated_pot":34,"minecraft:slime_block":3,"minecraft:pumpkin_pie":20,"minecraft:soul_lantern":4,"minecraft:lever":7,"minecraft:deepslate_bricks":3,"minecraft:waxed_oxidized_cut_copper_stairs":1,"minecraft:black_banner":4,"minecraft:deepslate_brick_stairs":8,"minecraft:cobblestone":7,"minecraft:nether_star":9,"minecraft:lime_stained_glass":4},"minecraft:dropped":{"minecraft:enchanted_book":2,"minecraft:green_terracotta":1,"minecraft:deepslate_brick_wall":1,"minecraft:lime_concrete":1,"minecraft:cookie":1,"minecraft:lime_wool":1,"minecraft:barrier":1,"minecraft:rotten_flesh":1,"minecraft:slime_block":1,"minecraft:deepslate_brick_stairs":1,"minecraft:light":7,"minecraft:sponge":1,"minecraft:wooden_hoe":2,"minecraft:wooden_axe":1,"minecraft:amethyst_shard":3,"minecraft:green_concrete_powder":1,"minecraft:green_wool":1},"minecraft:mined":{"minecraft:farmland":1,"minecraft:dandelion":1,"minecraft:torch":1,"minecraft:short_grass":4,"minecraft:grass_block":39,"minecraft:tall_grass":5,"minecraft:dirt":77,"minecraft:player_head":1},"minecraft:used":{"minecraft:deepslate_brick_wall":4,"minecraft:water_bucket":3,"minecraft:warped_stem":2,"minecraft:netherite_sword":7,"minecraft:leather_leggings":2,"minecraft:enchanting_table":1,"minecraft:chiseled_deepslate":86,"minecraft:witch_spawn_egg":32,"minecraft:oak_planks":10,"minecraft:decorated_pot":35,"minecraft:chest":5,"minecraft:leather_chestplate":3,"minecraft:tinted_glass":239,"minecraft:zombie_spawn_egg":5,"minecraft:stone":8,"minecraft:player_head":4,"minecraft:cauldron":2,"minecraft:leather_boots":9,"minecraft:deepslate_bricks":556,"minecraft:cookie":1,"minecraft:torch":2,"minecraft:dirt":143,"minecraft:anvil":4,"minecraft:crafting_table":9,"minecraft:enderman_spawn_egg":73,"minecraft:deepslate_brick_stairs":228,"minecraft:black_terracotta":1,"minecraft:wooden_hoe":8,"minecraft:oak_log":10,"minecraft:deepslate_tile_wall":109,"minecraft:polished_deepslate_stairs":2,"minecraft:glass":34,"minecraft:lever":44,"minecraft:light":1,"minecraft:sea_lantern":32,"minecraft:black_concrete":34,"minecraft:netherite_shovel":112,"minecraft:command_block":46,"minecraft:grass_block":285,"minecraft:string":1,"minecraft:leather_helmet":2,"minecraft:soul_lantern":5,"minecraft:item_frame":29,"minecraft:bedrock":3,"minecraft:netherite_boots":1,"minecraft:lime_concrete":27,"minecraft:cobblestone":1,"minecraft:lime_stained_glass":99,"minecraft:deepslate_tile_stairs":3,"minecraft:bucket":7,"minecraft:chain":4,"minecraft:repeating_command_block":2,"minecraft:husk_spawn_egg":2,"minecraft:enchanted_golden_apple":3},"minecraft:custom":{"minecraft:mob_kills":1,"minecraft:interact_with_anvil":6,"minecraft:interact_with_crafting_table":17,"minecraft:fill_cauldron":1,"minecraft:leave_game":29,"minecraft:time_since_death":1132,"minecraft:damage_resisted":197,"minecraft:time_since_rest":1156,"minecraft:walk_one_cm":601600,"minecraft:damage_taken":1502,"minecraft:sprint_one_cm":302375,"minecraft:damage_absorbed":312,"minecraft:drop":27,"minecraft:damage_dealt":818,"minecraft:talked_to_villager":1,"minecraft:fly_one_cm":1712660,"minecraft:open_chest":35,"minecraft:crouch_one_cm":47037,"minecraft:play_time":1289976,"minecraft:deaths":20,"minecraft:sneak_time":23168,"minecraft:walk_under_water_one_cm":774,"minecraft:jump":1551,"minecraft:walk_on_water_one_cm":377,"minecraft:enchant_item":1,"minecraft:total_world_time":1289976,"minecraft:fall_one_cm":21499},"minecraft:crafted":{"minecraft:leather_boots":1,"minecraft:wooden_hoe":2,"minecraft:leather_chestplate":1},"minecraft:killed":{"minecraft:zombie":1}},"DataVersion":3953}