{"stats":{"minecraft:killed":{"minecraft:skeleton":1,"minecraft:axolotl":4},"minecraft:custom":{"minecraft:interact_with_anvil":5,"minecraft:mob_kills":6,"minecraft:interact_with_crafting_table":2,"minecraft:leave_game":1,"minecraft:time_since_death":206910,"minecraft:time_since_rest":206943,"minecraft:sprint_one_cm":243514,"minecraft:walk_one_cm":656472,"minecraft:damage_taken":721,"minecraft:drop":70,"minecraft:damage_dealt":781,"minecraft:talked_to_villager":2,"minecraft:fly_one_cm":382329,"minecraft:open_chest":33,"minecraft:crouch_one_cm":1759,"minecraft:play_time":229077,"minecraft:deaths":2,"minecraft:sneak_time":1482,"minecraft:walk_under_water_one_cm":1018,"minecraft:jump":959,"minecraft:walk_on_water_one_cm":10114,"minecraft:total_world_time":229077,"minecraft:fall_one_cm":2383},"minecraft:mined":{"minecraft:dandelion":10,"minecraft:short_grass":61,"minecraft:grass_block":2178,"minecraft:tall_grass":14,"minecraft:birch_log":6,"minecraft:azure_bluet":1,"minecraft:dirt":1218,"minecraft:stone":97},"minecraft:killed_by":{"minecraft:skeleton":2},"minecraft:used":{"minecraft:mangrove_leaves":1,"minecraft:water_bucket":92,"minecraft:leather_leggings":1,"minecraft:leather_chestplate":1,"minecraft:tinted_glass":755,"minecraft:player_head":1,"minecraft:leather_boots":1,"minecraft:deepslate_bricks":412,"minecraft:torch":1,"minecraft:anvil":1,"minecraft:deepslate_brick_slab":24,"minecraft:sponge":18,"minecraft:axolotl_bucket":4,"minecraft:deepslate_brick_stairs":185,"minecraft:deepslate_tile_wall":97,"minecraft:sea_lantern":619,"minecraft:light":108,"minecraft:black_concrete":2,"minecraft:netherite_shovel":3481,"minecraft:grass_block":189,"minecraft:netherite_axe":6,"minecraft:leather_helmet":1,"minecraft:flowering_azalea_leaves":31,"minecraft:soul_lantern":57,"minecraft:lime_concrete":4,"minecraft:azalea_leaves":1,"minecraft:pitcher_plant":1,"minecraft:lime_stained_glass":409,"minecraft:netherite_pickaxe":107,"minecraft:chain":51,"minecraft:enchanted_golden_apple":1,"minecraft:deepslate_brick_wall":176},"minecraft:dropped":{"minecraft:warped_stem":1,"minecraft:emerald_block":2,"minecraft:dark_prismarine_stairs":1,"minecraft:tinted_glass":3,"minecraft:deepslate_brick_wall":1,"minecraft:lime_concrete":65,"minecraft:lime_stained_glass":3,"minecraft:waxed_oxidized_cut_copper_stairs":2,"minecraft:soul_lantern":1,"minecraft:lantern":1,"minecraft:deepslate_tile_wall":2,"minecraft:oxidized_cut_copper_stairs":2,"minecraft:prismarine_brick_stairs":1,"minecraft:black_banner":2,"minecraft:polished_deepslate_stairs":1,"minecraft:lime_banner":2,"minecraft:light":4,"minecraft:deepslate_bricks":3,"minecraft:deepslate_tile_stairs":1,"minecraft:dirt":256,"minecraft:sea_lantern":3,"minecraft:deepslate_brick_stairs":2,"minecraft:black_candle":1,"minecraft:lime_glazed_terracotta":2,"minecraft:netherite_block":4,"minecraft:weathered_cut_copper_stairs":1,"minecraft:lime_candle":3,"minecraft:black_concrete":1,"minecraft:black_stained_glass":1,"minecraft:polished_deepslate":1},"minecraft:broken":{"minecraft:netherite_shovel":1},"minecraft:picked_up":{"minecraft:sponge":1,"minecraft:birch_log":6,"minecraft:bee_nest":1,"minecraft:oxidized_cut_copper_stairs":1,"minecraft:green_concrete_powder":1,"minecraft:enchanted_book":2,"minecraft:light":11,"minecraft:dirt":2873,"minecraft:lantern":1,"minecraft:bone":1,"minecraft:wheat_seeds":76,"minecraft:player_head":1,"minecraft:deepslate_tile_wall":2,"minecraft:tinted_glass":1,"minecraft:birch_sapling":1,"minecraft:deepslate_brick_wall":2,"minecraft:dandelion":191,"minecraft:lime_concrete":1,"minecraft:sea_lantern":1,"minecraft:green_terracotta":1,"minecraft:rotten_flesh":1,"minecraft:soul_lantern":6,"minecraft:waxed_oxidized_cut_copper_stairs":1,"minecraft:green_wool":1,"minecraft:lime_stained_glass":1,"minecraft:cobblestone":82}},"DataVersion":3839}